<?xml version="1.0" encoding="UTF-8"?><!--
        *** GENERATED FROM jax-ws.xml - DO NOT EDIT !                             ***
        *** TO MODIFY wsimport options USE Web Service node -> Edit WS Attributes ***
        *** TO CHANGE TARGETS GENERATED TO jaxws-build.xml COPY THOSE             ***
        *** TARGETS TO ../build.xml AND MODIFY THAT FILE INSTEAD                  ***

        --><project xmlns:xalan="http://xml.apache.org/xslt" xmlns:webproject2="http://www.netbeans.org/ns/web-project/2" xmlns:jaxws="http://www.netbeans.org/ns/jax-ws/1">
    <!--
                ===================
                JAX-WS WSGEN SECTION
                ===================
            -->
    <!--
                ===================
                JAX-WS WSIMPORT SECTION
                ===================
            -->
    <target name="wsimport-init" depends="init">
        <fail if="${wsimport.bad.version}" message="WsImport ant task defined in the classpath ${j2ee.platform.wsimport.classpath} has a serious bug. See http://wiki.netbeans.org/MetroIssue for details."/>
        <mkdir dir="${build.generated.sources.dir}/jax-ws"/>
        <property name="j2ee.platform.wsimport.classpath" value="${libs.jaxws21.classpath}"/>
        <taskdef name="wsimport" classname="com.sun.tools.ws.ant.WsImport">
            <classpath path="${java.home}/../lib/tools.jar:${j2ee.platform.wsimport.classpath}:${javac.classpath}"/>
        </taskdef>
        <condition property="conf-dir" value="${conf.dir}/" else="">
            <isset property="conf.dir"/>
        </condition>
    </target>
    <target name="wsimport-client-WSInventario" depends="wsimport-init">
        <mkdir dir="${build.generated.dir}/jax-wsCache/WSInventario"/>
        <wsimport sourcedestdir="${build.generated.dir}/jax-wsCache/WSInventario" destdir="${build.generated.dir}/jax-wsCache/WSInventario" wsdl="${basedir}/${conf-dir}xml-resources/web-service-references/WSInventario/wsdl/localhost_8080/ServicioWeb_SOAP/WSInventario.wsdl" catalog="catalog.xml" encoding="${source.encoding}" extension="true" verbose="true" fork="false" wsdlLocation="http://localhost:8080/ServicioWeb_SOAP/WSInventario?WSDL" xnocompile="true" xendorsed="true">
            <depends file="${basedir}/${conf-dir}xml-resources/web-service-references/WSInventario/wsdl/localhost_8080/ServicioWeb_SOAP/WSInventario.wsdl"/>
            <produces dir="${build.generated.dir}/jax-wsCache/WSInventario"/>
        </wsimport>
        <copy todir="${build.generated.sources.dir}/jax-ws">
            <fileset dir="${build.generated.dir}/jax-wsCache/WSInventario">
                <include name="**/*.java"/>
            </fileset>
        </copy>
    </target>
    <target name="wsimport-client-clean-WSInventario" depends="-init-project">
        <delete dir="${build.generated.sources.dir}/jax-ws/ws"/>
        <delete dir="${build.generated.dir}/jax-wsCache/WSInventario"/>
    </target>
    <target name="wsimport-client-WSReceta" depends="wsimport-init">
        <mkdir dir="${build.generated.dir}/jax-wsCache/WSReceta"/>
        <wsimport sourcedestdir="${build.generated.dir}/jax-wsCache/WSReceta" destdir="${build.generated.dir}/jax-wsCache/WSReceta" wsdl="${basedir}/${conf-dir}xml-resources/web-service-references/WSReceta/wsdl/localhost_8080/ServicioWeb_SOAP/WSReceta.wsdl" catalog="catalog.xml" encoding="${source.encoding}" extension="true" verbose="true" fork="false" wsdlLocation="http://localhost:8080/ServicioWeb_SOAP/WSReceta?WSDL" xnocompile="true" xendorsed="true">
            <depends file="${basedir}/${conf-dir}xml-resources/web-service-references/WSReceta/wsdl/localhost_8080/ServicioWeb_SOAP/WSReceta.wsdl"/>
            <produces dir="${build.generated.dir}/jax-wsCache/WSReceta"/>
        </wsimport>
        <copy todir="${build.generated.sources.dir}/jax-ws">
            <fileset dir="${build.generated.dir}/jax-wsCache/WSReceta">
                <include name="**/*.java"/>
            </fileset>
        </copy>
    </target>
    <target name="wsimport-client-clean-WSReceta" depends="-init-project">
        <delete dir="${build.generated.sources.dir}/jax-ws/ws"/>
        <delete dir="${build.generated.dir}/jax-wsCache/WSReceta"/>
    </target>
    <target name="wsimport-client-WSOperaciones" depends="wsimport-init">
        <mkdir dir="${build.generated.dir}/jax-wsCache/WSOperaciones"/>
        <wsimport sourcedestdir="${build.generated.dir}/jax-wsCache/WSOperaciones" destdir="${build.generated.dir}/jax-wsCache/WSOperaciones" wsdl="${basedir}/${conf-dir}xml-resources/web-service-references/WSOperaciones/wsdl/localhost_8080/ServicioWeb_SOAP/WSOperaciones.wsdl" catalog="catalog.xml" encoding="${source.encoding}" extension="true" verbose="true" fork="false" wsdlLocation="http://localhost:8080/ServicioWeb_SOAP/WSOperaciones?WSDL" xnocompile="true" xendorsed="true">
            <depends file="${basedir}/${conf-dir}xml-resources/web-service-references/WSOperaciones/wsdl/localhost_8080/ServicioWeb_SOAP/WSOperaciones.wsdl"/>
            <produces dir="${build.generated.dir}/jax-wsCache/WSOperaciones"/>
        </wsimport>
        <copy todir="${build.generated.sources.dir}/jax-ws">
            <fileset dir="${build.generated.dir}/jax-wsCache/WSOperaciones">
                <include name="**/*.java"/>
            </fileset>
        </copy>
    </target>
    <target name="wsimport-client-clean-WSOperaciones" depends="-init-project">
        <delete dir="${build.generated.sources.dir}/jax-ws/ws"/>
        <delete dir="${build.generated.dir}/jax-wsCache/WSOperaciones"/>
    </target>
    <target name="wsimport-client-generate" depends="wsimport-client-WSInventario, wsimport-client-WSReceta, wsimport-client-WSOperaciones"/>
</project>
